-- script para insertar datos

-- aqui insertamos valores a la tabla carrera
insert into carrera(nombre_carrera,duracion_carrera) values ('Administración',4),
('Agronomía',4),
('Antropilogía social',4),
('Arquitectura',4),
('Biología',4),
('Ciencia Política',4),
('Computación',4),
('Derecho',4),
('Diseño Industrial',4),
('Economía',4),
('Enfermería',4),
('Estomatología',4),
('Filosofía',4),
('Física',4),
('Historia',4),
('Medicina',5),
('Matemáticas',4),
('Psicología',4),
('Química',4),
('Hidrobiología',4);
-- select * from carrera;

-- aqui insertamos valores a la tabla materias
insert into ueas (nombre_uea,creditos_uea) values('Mecánica Elemental I',9),
('Mecánica Elemental II',9),
('Cálculo Diferencial',11),
('Método Experimental I',9),
('Cálculo Integral',11),
('Estructura de la Materia',9),
('Cálculo de Varias Variables I',11),
('INTRODUCCIÓN AL PENSAMIENTO MATEMÁTICO',9),
('GEOMETRÍA ANALÍTICA',9),
('FUNDAMENTOS DE GEOMETRÍA',9),
('FUNDAMENTOS DE ÁLGEBRA',9),
('TEMAS SELECTOS DE ANÁLISIS II',9),
('TEMAS SELECTOS DE MATEMÁTICAS APLICADAS II',9),
('MATEMÁTICAS DISCRETAS I (LIC. COMPU.)',10),
('MATEMÁTICAS DISCRETAS II (LIC. COMPU.)',10),
('MATEMÁTICAS DISCRETAS',9),
('CÁLCULO AVANZADO IV',9),
('TEORÍA DE GRUPOS',9),
('OPTIMIZACIÓN LINEAL',9),
('DISEÑO DE EXPERIMENTOS',9);
-- select * from ueas;

-- aqui insertamos valores a la tabla profesorer
insert into profesores(matricula_profesor,nombre_profesor,direccion_profesor,telefono_profesor,horario_profesor)values
(1111,'Alma Arrieta','almamireya@gmail.com',6548654,3),
(2222,'Judith Cardoso','judith@docencia.izt.uam.mx',1231233,3),
(3333,'Eleuterio Castaño','ele@xanum.uam.mx',6548935,2),
(4444,'Armando Castillo','aca@docencia.izt.uam.mx',5641654,2),
(5555,'Jaime Feliciano','feliz@docencia.izt.uam.mx',5645645,2),
(6666,'José Socorro García','jsgd@docencia.izt.uam.mx',5614565,3),
(7777,'Orlando Guzmán','ogl@docencia.izt.uam.mx',9871585,1),
(8888,'Silvia Hidalgo','shid@xanum.uam.mx',9842154,2),
(9999,'José Luis Jiménez','jlj@xanum.uam.mx',6541988,3),
(10101010,'Lidia Jiménez','lgjimenezl@gmail.com',5487845,2),
(11111111,'Pablo Alejandro Lonngi','plov@docencia.izt.uam.mx',9845545,1),
(12121212,'Marco Antonio Maceda','mmac@docencia.izt.uam.mx',2121858,3),
(13131313,'Angel Manzur','amg@docencia.izt.uam.mx',2167985,2),
(14141414,'Moisés Martínez','moi@xanum.uam.mx',3215488,1),
(15151515,'Luis Mier y Terán','lmyt@xanum.uam.mx',3215486,3),
(16161616,'Roberto Olayo-Valles','rolv@xanum.uam.mx',2159687,2),
(17171717,'Armando Cuauhtémoc Pérez-Guerrero','acpgn@docencia.izt.uam.mx',3215485,1),
(18181818,'Jesús Martiniano Arturo Robles','rodj@xanum.uam.mx',3215455,3),
(19191919,'Tonalli Rodríguez','tonalli@xanum.uam.mx',3218789,2),
(20202020,'Ricardo Romero','ricardo.romero@xanum.uam.mx',1564564,1);
-- select * from profesores;

-- aqui insertamos valores a la tabla alumnos
insert into alumnos(matricula_alumno,nombre_alumno,edad_alumno,trimestre_alumno,genero_alumno,fk_id_carrera) values
(1212,'Jaqueline Padilla',18,1,0,15),
(1313,'Rafael A. Zubillaga',20,1,1,20),
(1414,'Patricia Saavedra',18,5,0,11),
(1515,'Gerardo Jesús Varela',25,11,1,14),
(1616,'Maria Luisa Sandoval',28,12,0,9),
(1717,'Francisco Javier Sánchez',19,3,1,1),
(1818,'Lourdes Palacios',18,1,0,5),
(1919,'Gustavo Nicolás Izquierdo',24,12,1,14),
(2121,'Cecilia Hernández',23,10,0,6),
(3131,'Gabriel López',23,11,1,15),
(2323,'Yanet Karina González',22,9,0,4),
(2424,'Antonio García',21,4,1,11),
(2525,'Carolina Gavito',21,2,0,10),
(2626,'Joaquin Delgado',18,1,1,5),
(2727,'Judith Campos',21,3,0,9),
(2828,'René Benitez',26,12,1,8),
(2929,'Shirley Bromberg',25,11,0,7),
(3030,'Juan H. Arredondo',25,10,1,13),
(3232,'María José Arroyo',24,7,0,12),
(3434,'Baltazar Aguirre',19,1,1,17);
-- select * from alumnos;

-- aqui insertamos valores a la tabla intermedia entre alumno y profesores
insert into alumno_profesor (fk_matricula_alumno,fk_matricula_profesor) values (1212,1111),
(1212,3333),
(1515,1111),
(2121,9999),
(2121,5555),
(3131,9999),
(3131,10101010),
(1414,5555),
(1313,6666),
(1212,2222),
(3232,1111),
(3232,2222),
(2323,16161616),
(2424,1111),
(3030,2222),
(1515,5555),
(1616,15151515),
(2626,14141414),
(2929,1111),
(1212,5555);
-- select * from alumno_profesor; 

-- aqui insertamos valores a la tabla intermedia entre la materia y el alumno
insert into uea_alumno (fk_matricula_alumno_2,fk_id_uea) values (1212,1),
(1212,1),
(1515,2),
(2121,3),
(2121,5),
(3131,7),
(3131,1),
(1414,5),
(1313,5),
(1212,4),
(3232,6),
(3232,4),
(2323,1),
(2424,9),
(3030,15),
(1515,15),
(1616,1),
(2626,18),
(2929,19),
(1212,20);
-- select * from uea_alumno;

-- aqui insertamos valores a la tabla intermedia entre la entre materia y profesor
insert into uea_profesor (fk_matricula_profesor_2,fk_id_uea_2) values (7777,1),
(1111,1),
(1111,2),
(13131313,3),
(2222,5),
(5555,7),
(14141414,1),
(7777,5),
(8888,5),
(6666,4),
(15151515,6),
(12121212,4),
(16161616,1),
(9999,9),
(7777,15),
(5555,15),
(6666,1),
(14141414,18),
(13131313,19),
(12121212,20);
-- select * from uea_profesor;